﻿{
    "Parameters": {
        "SitecoreIdentityCert": {
            "Type": "string",
            "Description": "The certificate to use for encryption. Provide the name or the thumbprint.",
            "DefaultValue": ""
        },
        "SiteName": {
            "Type": "string",
            "DefaultValue": "IdentityServer",
            "Description": "The name of the site to be deployed."
        },
        "HostMappingName": {
            "Type": "string",
            "Reference": "SiteName",
            "Description": "The host name of the site."
        },
        "DnsName" :{
            "Type": "string",
            "Reference": "SiteName",
            "Description": "The dns name of the site."
        },
	"InstallationPath": {
            "Type": "string",
            "Description": "The path to the folder where Sitecore will be installed",
			"DefaultValue": ""
        }
    },
    "Variables": {
        "Security.CertificateStore":                "Cert:\\Localmachine\\My",
        "Security.IdentityServer.CertificateThumbprint":  "[GetCertificateThumbprint(parameter('SitecoreIdentityCert'), variable('Security.CertificateStore'))]",
        "Security.IdentityServer.CertificatePath":        "[joinpath(variable('Security.CertificateStore'), variable('Security.IdentityServer.CertificateThumbprint'))]",
        "Site.PhysicalPath": "[parameter('InstallationPath')]"
    },
    "Register":{
        "Tasks": {
            "RemoveItem": "Remove-Item"
        }
    },
    "Tasks": {        
        "CreateAppPool": {
            "Description": "Creates or updates the app pool.",
            "Type": "AppPool",
            "Params": {
                "Name": "[parameter('SiteName')]",
                "Properties": {
                    "ProcessModel": {
                        "identityType": "ApplicationPoolIdentity",
                        "idleTimeoutAction": "Suspend",
                        "loadUserProfile": "True"
                    },
                "ManagedRuntimeVersion": ""
                }
            }
        },
        "SetAppPoolCertStorePermissions": {
            "Description": "Set permissions for the App Pool User to access the client certificate.",
            "Type": "FilePermissions",
            "Params": {
                "Path" : "[ResolveCertificatePath(variable('Security.IdentityServer.CertificatePath'))]",
                "Rights": [
                    {
                        "User": "[concat('IIS AppPool\\', parameter('SiteName'))]",
                        "FileSystemRights": ["Read"],
                        "InheritanceFlags": ["None"]
                    }
                ]
            }
        },
        "CreateWebsite": {
            "Description": "Creates or updates the IIS website instance.",
            "Type": "Website",
            "Params": {
                "Name": "[parameter('SiteName')]",
                "ApplicationPool": "[parameter('SiteName')]",
                "PhysicalPath": "[variable('Site.PhysicalPath')]"
            }
        },
        "StopWebsite": {
            "Description": "Stops the website if it is running.",
            "Type": "ManageWebsite",
            "Params": {
                "Name": "[parameter('SiteName')]",
                "Action": "Stop"
            }
        },
        "StopAppPool": {
            "Description": "Stops the app pool if it is running.",
            "Type": "ManageAppPool",
            "Params": {
                "Name": "[parameter('SiteName')]",
                "Action": "Stop"
            }
        },
        "CreateRegistryStorageForAppPool": {
            "Description": "Provisions the HKLM registry so that the specified user account can persist auto-generated machine keys.",
            "Type": "ManageKeyStorage",
            "Params": {
                "AppPoolName": "[parameter('SiteName')]",
                "Action": "Create"
            }
        },
        "RemoveDefaultBinding": {
            "Description": "Removes the default *:80 web binding.",
            "Type": "WebBinding",
            "Params": {
                "SiteName" : "[parameter('SiteName')]",
                "Remove" : [ { "Port": "80", "IPAddress": "*" } ]
            }
        },
        "CreateBindingsWithThumbprint": {
            "Description": "Configures the site bindings for the website.",
            "Type": "WebBinding",
            "Params": {
                "SiteName" : "[parameter('SiteName')]",
                "Add": [
                    {
                        "HostHeader": "[parameter('DNSName')]",
                        "Protocol": "https",
                        "SSLFlags": 1,
                        "Thumbprint": "[variable('Security.IdentityServer.CertificateThumbprint')]"
                    }
                ]
            },
            "Skip": "[not(parameter('SitecoreIdentityCert'))]"
        },
        "CreateHostHeader": {
            "Description": "Sets a hostheader for the website.",
            "Type": "HostHeader",
            "Params": {
                "HostName": "[parameter('HostMappingName')]"
            },
            "Skip": "[not(parameter('HostMappingName'))]"
        },
        "SetPermissions": {
            "Description": "Sets permissions for the app pool user.",
            "Type": "FilePermissions",
            "Params": {
                "Path": "[variable('Site.PhysicalPath')]",
                "Rights": [
                    {
                        "User": "[concat('IIS AppPool\\', parameter('SiteName'))]",
                        "FileSystemRights": "FullControl",
                        "InheritanceFlags": [ "ContainerInherit", "ObjectInherit" ]
                    }
                ]
            }
        },
        "StartAppPool": {
            "Description": "Starts the app pool.",
            "Type": "ManageAppPool",
            "Params": {
                "Name": "[parameter('SiteName')]",
                "Action": "Start"
            }
        },
        "StartWebsite": {
            "Description": "Starts the website.",
            "Type": "ManageWebsite",
            "Params": {
                "Name": "[parameter('SiteName')]",
                "Action": "Start"
            }
        }
    },
    "UninstallTasks": {
        "StopWebsite": {
            "Description": "Stops the website if it is running.",
            "Type": "ManageWebsite",
            "Params": {
                "Name": "[parameter('SiteName')]",
                "Action": "Stop",
                "ErrorAction": "SilentlyContinue"
            }
        },
        "StopAppPool": {
            "Description": "Stops the app pool if it is running.",
            "Type": "ManageAppPool",
            "Params": {
                "Name": "[parameter('SiteName')]",
                "Action": "Stop",
                "ErrorAction": "SilentlyContinue"
            }
        },
        "DeleteRegistryStorageForAppPool": {
            "Description": "Deletes the HKLM registry so that the specified user account can persist auto-generated machine keys.",
            "Type": "ManageKeyStorage",
            "Params": {
                "AppPoolName": "[parameter('SiteName')]",
                "Action": "Delete"
            }
        },
        "RemoveAppPool": {
            "Description": "Removes the AppPool.",
            "Type": "RemoveAppPool",
            "Params": {
                "Name":  "[parameter('SiteName')]"
            }
        },
        "RemoveWebsite": {
            "Description": "Removes the website.",
            "Type": "RemoveWebsite",
            "Params": {
                "Name":  "[parameter('SiteName')]"
            }
        }
        
    }
}