﻿{
    "Parameters": {
        "SiteName": {
            "Type": "string",
            "DefaultValue": "Sitecore",
            "Description": "The name of the site to be deployed."
        },
        "HostMappingName": {
            "Type": "string",
            "Reference": "SiteName",
            "Description": "The host mapping name of the site."
        },
		"XConnectCert": {
            "Type": "string",
            "Description": "The certificate to use for encryption. Provide the name or the thumbprint.",
            "DefaultValue" : ""
        },
        "DnsName" :{
            "Type": "string",
            "Reference": "SiteName",
            "Description": "The dns name of the site."
        },
		"SSLCert": {
            "Type": "string",
            "Description": "The certificate to use for HTTPS web bindings. Provide the name or the thumbprint. If not provided a certificate will be generated.",
            "DefaultValue": ""
        },
		"InstallationPath": {
            "Type": "string",
            "Description": "The path to the folder where Sitecore will be installed",
	    "DefaultValue": ""
        }
    },
    "Variables": {
        "Security.CertificateStore":                "Cert:\\Localmachine\\My",
		"Security.SSL.CertificateThumbprint":       "[GetCertificateThumbprint(parameter('SSLCert'), variable('Security.CertificateStore'))]",
        "Security.XConnect.CertificateThumbprint":  "[GetCertificateThumbprint(parameter('XConnectCert'), variable('Security.CertificateStore'))]",
        "Security.XConnect.CertificatePath":        "[joinpath(variable('Security.CertificateStore'), variable('Security.XConnect.CertificateThumbprint'))]",
        
        "Site.PhysicalPath": "[parameter('InstallationPath')]"

    },
    "Register":{
        "Tasks": {
            "RemoveItem": "Remove-Item",
            "WriteInformation": "Write-Information"
        },
        "ConfigFunction": {
            "ConvertToSecureString": "ConvertTo-SecureString"
        }
    },
    "Tasks": {
		"CreateAppPool": {
            "Description": "Creates or updates the app pool.",
            "Type": "AppPool",
            "Params": {
                "Name": "[parameter('SiteName')]",
                "Properties": {
                    "ProcessModel": {
                        "identityType": "ApplicationPoolIdentity"
                    }
                }
            }
        },
        "CreateWebsite": {
            "Description": "Creates or updates the IIS website instance.",
            "Type": "Website",
            "Params": {
                "Name": "[parameter('SiteName')]",
                "ApplicationPool": "[parameter('SiteName')]",
                "PhysicalPath": "[variable('Site.PhysicalPath')]"
            }
        },
        "StopWebsite": {
            "Description": "Stops the website if it is running.",
            "Type": "ManageWebsite",
            "Params": {
                "Name": "[parameter('SiteName')]",
                "Action": "Stop"
            }
        },
        "StopAppPool": {
            "Description": "Stops the app pool if it is running.",
            "Type": "ManageAppPool",
            "Params": {
                "Name": "[parameter('SiteName')]",
                "Action": "Stop"
            }
        },
        "CreateBindings": {
            "Description": "Configures the site bindings for the website.",
            "Type": "WebBinding",
            "Params": {
                "SiteName": "[parameter('SiteName')]",
                "Add": [ { "HostHeader": "[parameter('DnsName')]" } ],
                "Remove": [ { "Port": "80", "IPAddress": "*" } ]
            }
        },
		"CreateBindingsWithThumbprint": {
            "Description": "Configures the site bindings for the website.",
            "Type": "WebBinding",
            "Params": {
                "SiteName": "[parameter('SiteName')]",
                "Add": [
                    {
                        "HostHeader": "[parameter('DnsName')]",
                        "Protocol": "https",
                        "SSLFlags": 1,
                        "Thumbprint": "[variable('Security.SSL.CertificateThumbprint')]"
                    }
                ]
            },
            "Skip": "[not(parameter('SSLCert'))]"
        },
        "CreateHostHeader": {
            "Description": "Sets a hostheader for the website.",
            "Type": "HostHeader",
            "Params": {
                "HostName": "[parameter('HostMappingName')]"
            },
            "Skip": "[not(parameter('HostMappingName'))]"
        },
        "SetCertStorePermissions": {
            "Description": "Set permissions for the services to access the client certificate.",
            "Type": "FilePermissions",
            "Params": {
                "Path": "[ResolveCertificatePath(variable('Security.XConnect.CertificatePath'))]",
                "Rights": [
                    {
                        "User": "[concat('IIS AppPool\\', parameter('SiteName'))]",
                        "FileSystemRights": [ "Read" ],
                        "InheritanceFlags": [ "None" ]
                    }
                ]
            }
        },
        "StartAppPool": {
            "Description": "Starts the app pool.",
            "Type": "ManageAppPool",
            "Params": {
                "Name": "[parameter('SiteName')]",
                "Action": "Start"
            }
        },
        "StartWebsite": {
            "Description": "Starts the website.",
            "Type": "ManageWebsite",
            "Params": {
                "Name": "[parameter('SiteName')]",
                "Action": "Start"
            }
        }
    },
	"UninstallTasks": {
        "StopWebsite": {
            "Description": "Stops the website if it is running.",
            "Type": "ManageWebsite",
            "Params": {
                "Name": "[parameter('SiteName')]",
                "Action": "Stop",
                "ErrorAction": "SilentlyContinue"
            }
        },
        "StopAppPool": {
            "Description": "Stops the app pool if it is running.",
            "Type": "ManageAppPool",
            "Params": {
                "Name": "[parameter('SiteName')]",
                "Action": "Stop",
                "ErrorAction": "SilentlyContinue"
            }
        },
        "RemoveAppPool": {
            "Description": "Removes the AppPool.",
            "Type": "RemoveAppPool",
            "Params": {
                "Name":  "[parameter('SiteName')]"
            }
        },
        "RemoveWebsite": {
            "Description": "Removes the website.",
            "Type": "RemoveWebsite",
            "Params": {
                "Name":  "[parameter('SiteName')]"
            }
        },
        "RemoveHostHeader": {
            "Description": "Removes the hostheader for the website.",
            "Type": "HostHeader",
            "Params": {
                "HostName": "[parameter('SiteName')]",
                "Action": "Remove"
            }
        }        
    }
}
